jitter_frac,WI_mean,WI_std,AGI_mean,AGI_std,n_episodes
0.0000,85.385874,0.000000,20.797315,0.000000,10
0.0500,99.627871,8.037149,21.298573,0.486735,10
0.1000,96.775949,9.356431,21.483549,0.426210,10
0.1500,107.074744,10.355454,21.604052,0.659731,10
0.2000,106.721424,11.651495,21.587891,0.442713,10
0.2500,107.708108,7.879428,21.910119,0.858996,10
