jitter_frac,WI_mean,WI_std,AGI_mean,AGI_std,n_episodes
0.0000,134.140000,0.000000,44.340300,0.000000,10
0.0500,149.764842,5.602973,47.485787,0.282804,10
0.1000,151.413519,7.444803,47.650674,0.431879,10
0.1500,151.264515,6.219700,47.516150,0.387298,10
0.2000,156.642058,9.498898,47.952742,0.603289,10
0.2500,158.224300,14.150878,47.966264,0.487384,10
