jitter_frac,WI_mean,WI_std,AGI_mean,AGI_std,n_episodes
0.0000,64.503382,0.000000,17.861482,0.000000,10
0.0500,65.574462,0.860975,17.809185,0.074255,10
0.1000,66.403656,0.816369,17.911702,0.174930,10
0.1500,67.280625,1.734243,17.936173,0.141824,10
0.2000,69.525632,2.703005,18.014476,0.166646,10
0.2500,69.197367,2.373583,17.948131,0.140186,10
