jitter_frac,WI_mean,WI_std,AGI_mean,AGI_std,n_episodes
0.0000,4.500000,0.000000,1.583250,0.000000,10
0.0500,5.221944,0.467483,1.621710,0.036467,10
0.1000,5.167531,0.421818,1.632012,0.033688,10
0.1500,5.323932,0.312311,1.639216,0.033392,10
0.2000,5.548943,0.508680,1.666122,0.038849,10
0.2500,5.277453,0.266437,1.629255,0.034321,10
