jitter_frac,WI_mean,WI_std,AGI_mean,AGI_std,n_episodes
0.0000,40.000000,0.000000,10.889040,0.000000,10
0.0500,77.308702,8.548976,16.085511,0.397089,10
0.1000,72.798337,6.265959,16.090164,0.538915,10
0.1500,76.381278,5.569657,16.167808,0.447863,10
0.2000,76.214744,10.461307,16.079582,0.742292,10
0.2500,73.229954,6.136849,15.825097,0.484973,10
