jitter_frac,WI_mean,WI_std,AGI_mean,AGI_std,n_episodes
0.0000,47.119200,0.000000,18.257306,0.000000,10
0.0500,48.289987,0.227106,18.503532,0.113630,10
0.1000,50.020180,0.770973,18.456258,0.075260,10
0.1500,51.827163,0.557989,18.496982,0.077649,10
0.2000,52.920932,0.803552,18.568720,0.094956,10
0.2500,54.646798,1.288565,18.504139,0.145313,10
