jitter_frac,WI_mean,WI_std,AGI_mean,AGI_std,n_episodes
0.0000,33.000000,0.000000,10.197268,0.000000,10
0.0500,39.192767,3.415610,10.490882,0.141078,10
0.1000,40.398460,3.283757,10.528511,0.157706,10
0.1500,40.453262,3.593270,10.525030,0.168143,10
0.2000,41.668577,4.402437,10.628808,0.149265,10
0.2500,40.279040,3.268056,10.605158,0.181565,10
