jitter_frac,WI_mean,WI_std,AGI_mean,AGI_std,n_episodes
0.0000,95.850000,0.000000,25.955408,0.000000,10
0.0500,98.050389,1.484624,26.061390,0.105480,10
0.1000,103.287090,12.775650,26.330830,0.699441,10
0.1500,101.880338,2.392681,26.104466,0.107136,10
0.2000,106.349860,7.368043,26.446010,0.291682,10
0.2500,104.927679,4.349734,26.134630,0.277117,10
