{"trial_count": 16, "milestone_pool": [500.1458333333333, 500.0416666666667]}