{
  "0": [
    1.0,
    1.0
  ],
  "1": [
    0.8319999746559705,
    0.8503287141655668
  ],
  "2": [
    0.7788342502307991,
    0.800382283285753
  ],
  "3": [
    0.7000518776366491,
    0.700005414538878
  ],
  "4": [
    0.6161211041195894,
    0.5997141534194339
  ],
  "5": [
    0.48340631825932434,
    0.4493809608275758
  ],
  "6": [
    0.4273906584943508,
    0.3994936353982787
  ],
  "7": [
    0.2361563217243885,
    0.19929073130705172
  ],
  "8": [
    0.06337399309267087,
    0.04972106785340924
  ],
  "9": [
    0.0,
    0.0
  ]
}