{
  "0": [
    1.0,
    0.6480428666125801
  ],
  "1": [
    0.9040008254368807,
    0.8139546429339339
  ],
  "2": [
    0.7977236521088713,
    0.6887009320682448
  ],
  "3": [
    0.7349267906966314,
    0.7418022248564472
  ],
  "4": [
    0.7270608792480714,
    0.6960038709648517
  ],
  "5": [
    0.6532343117633987,
    0.9946700134622666
  ],
  "6": [
    0.6341904221982337,
    0.6997156344346221
  ],
  "7": [
    0.6037173694104164,
    0.928351754104551
  ],
  "8": [
    0.5609504195108401,
    1.0
  ],
  "9": [
    0.13690200151745027,
    0.6038318664573578
  ],
  "10": [
    0.08920409276496072,
    0.5217853724608581
  ],
  "11": [
    0.5194722701821542,
    0.7111201737163483
  ],
  "12": [
    0.0,
    0.5165046740613964
  ],
  "13": [
    0.5513965861361515,
    0.6187356709967453
  ],
  "14": [
    0.44228878957842593,
    0.6297236298972981
  ],
  "15": [
    0.49182545925757165,
    0.5569389835494777
  ],
  "16": [
    0.1672188072004592,
    0.47065371372759146
  ],
  "17": [
    0.447819510002212,
    0.4781128495626312
  ],
  "18": [
    0.44410179032518154,
    0.44986371008357284
  ],
  "19": [
    0.22356003103389208,
    0.3709213232194192
  ],
  "20": [
    0.26467929705844756,
    0.36772304479101087
  ],
  "21": [
    0.40415741005384614,
    0.39370893938717444
  ],
  "22": [
    0.4834563055762751,
    0.43282470519517774
  ],
  "23": [
    0.17558497632834294,
    0.32074732999606514
  ],
  "24": [
    0.38566655155335333,
    0.33109152989049934
  ],
  "25": [
    0.05430421091724485,
    0.2981676831304752
  ],
  "26": [
    0.08940816520070025,
    0.3064707577035854
  ],
  "27": [
    0.3382850932436603,
    0.19096584515683204
  ],
  "28": [
    0.3945418041481064,
    0.24585676126076847
  ],
  "29": [
    0.14576348362898306,
    0.26056989080629145
  ],
  "30": [
    0.08467794039866636,
    0.16389703305422548
  ],
  "31": [
    0.5108033203704289,
    0.07409432994360333
  ],
  "32": [
    0.48205640302326214,
    0.1810380136871212
  ],
  "33": [
    0.4275945641343507,
    0.13423358781037598
  ],
  "34": [
    0.4005238554459861,
    0.04547241050309324
  ],
  "35": [
    0.5810264942667126,
    0.188327918760744
  ],
  "36": [
    0.40256370108634915,
    0.11197772619112911
  ],
  "37": [
    0.5183596763816168,
    0.176625974835392
  ],
  "38": [
    0.3975353437124677,
    0.0
  ],
  "39": [
    0.5643764373895708,
    0.11742255331973972
  ]
}