{
  "1": [
    0.0,
    0.9237910519171721
  ],
  "2": [
    0.14059142457502505,
    0.9404954433331522
  ],
  "3": [
    0.28489865250112484,
    0.957913418446867
  ],
  "4": [
    0.4308390534364417,
    0.9734494569547175
  ],
  "5": [
    0.5773464804898538,
    0.9862631955321444
  ],
  "6": [
    0.7233796587250424,
    0.995613789269508
  ],
  "7": [
    0.8665788523568789,
    1.0
  ],
  "8": [
    0.010711477568190525,
    0.7726568148916176
  ],
  "9": [
    0.15324394088480123,
    0.7874675575794631
  ],
  "10": [
    0.29816012943361253,
    0.8040874201930228
  ],
  "11": [
    0.44363986283384305,
    0.819386094737634
  ],
  "12": [
    0.5894469031946195,
    0.8325966745587845
  ],
  "13": [
    0.7355692890871742,
    0.8432961911818027
  ],
  "14": [
    0.8808545179036879,
    0.8498101402283237
  ],
  "15": [
    0.021158605259966285,
    0.6175727840471377
  ],
  "16": [
    0.16442115122192463,
    0.6315559414284558
  ],
  "17": [
    0.31030981349241976,
    0.6469945062255948
  ],
  "18": [
    0.45635826226615306,
    0.6618798375471577
  ],
  "19": [
    0.6022403386248004,
    0.6757684370966358
  ],
  "20": [
    0.7477724932081051,
    0.6888021043864567
  ],
  "21": [
    0.8917806269569493,
    0.7009120653104404
  ],
  "22": [
    0.03386634003217834,
    0.4613758247049792
  ],
  "23": [
    0.17736822381368617,
    0.47536018814637754
  ],
  "24": [
    0.3237753200144522,
    0.4896285529699738
  ],
  "25": [
    0.470286305857583,
    0.5039060324041713
  ],
  "26": [
    0.6163444766659565,
    0.5181380182606545
  ],
  "27": [
    0.7610216329214331,
    0.532235125178982
  ],
  "28": [
    0.8994553411540314,
    0.5457233030424629
  ],
  "29": [
    0.04767326682180788,
    0.30528529796732345
  ],
  "30": [
    0.1909393064780841,
    0.3192250086555287
  ],
  "31": [
    0.3370335470082547,
    0.3322419777252544
  ],
  "32": [
    0.4831923068840622,
    0.3458323094263266
  ],
  "33": [
    0.6290190137449776,
    0.36036825522171956
  ],
  "34": [
    0.7743582811813526,
    0.37567670392403196
  ],
  "35": [
    0.9180430193713974,
    0.39159901766469685
  ],
  "36": [
    0.06351842749024254,
    0.15072598348660757
  ],
  "37": [
    0.20620453235943856,
    0.16371135774213053
  ],
  "38": [
    0.35154027372071267,
    0.17537896276319037
  ],
  "39": [
    0.4972087240755318,
    0.18845275992437793
  ],
  "40": [
    0.6428469014327103,
    0.20364104899742075
  ],
  "41": [
    0.7883733344423554,
    0.22135868764047884
  ],
  "42": [
    0.932370514844399,
    0.24303138318732403
  ],
  "43": [
    0.07843987818657745,
    0.0
  ],
  "44": [
    0.2195346410857259,
    0.01074828248935286
  ],
  "45": [
    0.3644047468245269,
    0.0215132839813263
  ],
  "46": [
    0.5105643946734834,
    0.034442196612159456
  ],
  "47": [
    0.656824202626922,
    0.05015664737788846
  ],
  "48": [
    0.8020334933927136,
    0.06918324919152354
  ],
  "49": [
    0.943619885504612,
    0.09254501758572953
  ],
  "50": [
    1.0,
    0.5555240217705144
  ]
}