{
  "0": [
    0.511590702036785,
    0.0
  ],
  "1": [
    0.5692140053732546,
    0.05201712658531744
  ],
  "2": [
    0.45956043509373856,
    0.08847957673747413
  ],
  "3": [
    0.5206242579243796,
    0.12355771438429224
  ],
  "4": [
    0.5027003350365509,
    0.053718024300673656
  ],
  "5": [
    0.941536987510046,
    0.43193006677336643
  ],
  "6": [
    1.0,
    0.48368468889272115
  ],
  "7": [
    0.936679527379055,
    0.5606219846371465
  ],
  "8": [
    0.8880396326032085,
    0.501650098242698
  ],
  "9": [
    0.9441578159005735,
    0.4942494483625029
  ],
  "10": [
    0.46190393699347376,
    0.8754719847116447
  ],
  "11": [
    0.5058649070646499,
    0.943028589249354
  ],
  "12": [
    0.44959125729906296,
    0.9382555692168179
  ],
  "13": [
    0.4333210329003536,
    1.0
  ],
  "14": [
    0.39871816508321745,
    0.9219901135676986
  ],
  "15": [
    0.060020492311992364,
    0.5142662145836555
  ],
  "16": [
    0.10903939306092413,
    0.5748864073998913
  ],
  "17": [
    0.044386231899328506,
    0.5707396746022102
  ],
  "18": [
    0.059077565033272335,
    0.6438392232293724
  ],
  "19": [
    0.0,
    0.5920060308789868
  ],
  "20": [
    0.4330239856081422,
    0.3554566852079063
  ],
  "21": [
    0.4721670166859394,
    0.4981836414810744
  ],
  "22": [
    0.4369262975277212,
    0.42999783893599836
  ],
  "23": [
    0.49274062293578724,
    0.3899021683223086
  ],
  "24": [
    0.4143607139145891,
    0.5085959518397242
  ],
  "25": [
    0.17857487354353527,
    0.7602511214435291
  ],
  "26": [
    0.14325461019559071,
    0.8241383652205272
  ],
  "27": [
    0.19350372912686647,
    0.8682463765950011
  ],
  "28": [
    0.23237077091197847,
    0.807921121667614
  ],
  "29": [
    0.7144574251799494,
    0.1586840210992681
  ],
  "30": [
    0.7794087077477478,
    0.17445691619101314
  ],
  "31": [
    0.8085474005972769,
    0.24410042227573414
  ],
  "32": [
    0.7482131713885084,
    0.2220696517956106
  ],
  "33": [
    0.7902486702005077,
    0.7639990910499197
  ],
  "34": [
    0.8377281882355437,
    0.8410303464824659
  ],
  "35": [
    0.7740270397596257,
    0.899324675731738
  ],
  "36": [
    0.7221667578620359,
    0.8266834789334614
  ],
  "37": [
    0.24997830826722958,
    0.19153049749941645
  ],
  "38": [
    0.19185050132763046,
    0.12682621674410322
  ],
  "39": [
    0.13120869134519494,
    0.19188358686524074
  ],
  "40": [
    0.18458234473703283,
    0.26228007291202227
  ],
  "41": [
    0.10947993978662657,
    0.49384622303423054
  ],
  "42": [
    0.46195287534134066,
    0.13659109862337077
  ],
  "43": [
    0.5806204954064272,
    0.11497336662137779
  ],
  "44": [
    0.8779348467536798,
    0.41972553927564904
  ],
  "45": [
    0.3944553983618753,
    0.8476251959470187
  ],
  "46": [
    0.5203126516692691,
    0.8749441254666098
  ],
  "47": [
    0.12423390203903548,
    0.6554220760444132
  ],
  "48": [
    0.8744787111887298,
    0.5678205680157132
  ],
  "49": [
    0.4422954787004415,
    0.5620693936499961
  ]
}