{
  "0": [
    0.5482895655853287,
    0.8497179725384457
  ],
  "1": [
    1.0,
    1.0
  ],
  "2": [
    0.0,
    0.990676997030005
  ],
  "3": [
    0.8300697965094961,
    0.0
  ]
}