{
  "0": [
    1.0,
    0.7364154987181682
  ],
  "1": [
    0.9682265364565628,
    0.622045379909252
  ],
  "2": [
    0.8823891063311915,
    0.5159777529110282
  ],
  "3": [
    0.8357174192197122,
    0.8170678172342247
  ],
  "4": [
    0.8316573448480272,
    0.6967619085512505
  ],
  "5": [
    0.7328142056685221,
    0.5945253480899527
  ],
  "6": [
    0.7249107113683727,
    0.85697577867221
  ],
  "7": [
    0.6301541774804933,
    0.6732436639297128
  ],
  "8": [
    0.6781209352842689,
    0.9183171516610835
  ],
  "9": [
    0.5829710342630559,
    0.9338323266085095
  ],
  "10": [
    0.5284511339148154,
    0.6555035523538378
  ],
  "11": [
    0.4459162445350888,
    0.742930312569997
  ],
  "12": [
    0.3978173668202506,
    1.0
  ],
  "13": [
    0.4470530517038599,
    0.5091097027295797
  ],
  "14": [
    0.5140587300362887,
    0.49989423592857696
  ],
  "15": [
    0.4165911291565207,
    0.5262604810389608
  ],
  "16": [
    0.37239942984221036,
    0.26731564433653815
  ],
  "17": [
    0.4250306966000603,
    0.6522789855160384
  ],
  "18": [
    0.28254249561081773,
    0.3852664530497936
  ],
  "19": [
    0.35930571260770744,
    0.7157360081200274
  ],
  "20": [
    0.33877828143531596,
    0.7906059655707076
  ],
  "21": [
    0.20330015129178214,
    0.5916210241087887
  ],
  "22": [
    0.2021880353450843,
    0.8045436926798522
  ],
  "23": [
    0.3255199882809333,
    0.9830574251836472
  ],
  "24": [
    0.2937760006053017,
    0.8207790920261612
  ],
  "25": [
    0.10620811953503774,
    0.6947476918328602
  ],
  "26": [
    0.025469067530389588,
    0.6988839153387715
  ],
  "27": [
    0.0,
    0.2783520355183551
  ],
  "28": [
    0.16491658737582418,
    0.33575737672719086
  ],
  "29": [
    0.38414539077819854,
    0.16356277320268864
  ],
  "30": [
    0.337389039885302,
    0.27567134021934614
  ],
  "31": [
    0.25862690598505134,
    0.09612361133314246
  ],
  "32": [
    0.257232826601452,
    0.28821061381357
  ],
  "33": [
    0.13066744926665305,
    0.17364474048977932
  ],
  "34": [
    0.3122049319656893,
    0.09263528907244464
  ],
  "35": [
    0.5276311785037691,
    0.08663412701130824
  ],
  "36": [
    0.5816658197835385,
    0.22703240675209294
  ],
  "37": [
    0.5705379627336307,
    0.05458399284533297
  ],
  "38": [
    0.6269777607007773,
    0.19742103708326247
  ],
  "39": [
    0.6242814763216206,
    0.0
  ],
  "40": [
    0.5891282208375472,
    0.5567851186125145
  ],
  "41": [
    0.45621996698165285,
    0.26911701818625966
  ],
  "42": [
    0.6415520236526814,
    0.5342093895536717
  ],
  "43": [
    0.7399004688438378,
    0.49030259509512364
  ],
  "44": [
    0.8420565550353631,
    0.4459867983444274
  ],
  "45": [
    0.7653813866432994,
    0.21860242494925383
  ],
  "46": [
    0.7198834360849757,
    0.1617672326577381
  ],
  "47": [
    0.6541150932267158,
    0.2639358229888783
  ],
  "48": [
    0.6532210105575728,
    0.3556292849669558
  ],
  "49": [
    0.5065334129063659,
    0.24263302401616435
  ]
}