{
  "0": [
    0.9763099772914665,
    0.9411941020410338
  ],
  "1": [
    1.0,
    0.8639662784944102
  ],
  "2": [
    0.9781456068842063,
    0.7693616049072676
  ],
  "3": [
    0.8364193204426197,
    0.901065748855033
  ],
  "4": [
    0.8749023253554995,
    0.8293156127906316
  ],
  "5": [
    0.8189991073782781,
    0.7429047027258392
  ],
  "6": [
    0.7442755222690719,
    0.8719107172588096
  ],
  "7": [
    0.707196022770287,
    0.720771885499532
  ],
  "8": [
    0.7101255148622636,
    0.9156110434338598
  ],
  "9": [
    0.6372513827799049,
    0.9045634094611463
  ],
  "10": [
    0.623423853869678,
    0.6758575220309793
  ],
  "11": [
    0.591894046598187,
    0.7489301144802406
  ],
  "12": [
    0.5515986171154903,
    1.0
  ],
  "13": [
    0.5227816011763242,
    0.5555356629975045
  ],
  "14": [
    0.5730258960348815,
    0.5233084042229561
  ],
  "15": [
    0.4953880252487595,
    0.5661821201265534
  ],
  "16": [
    0.40611577850959213,
    0.34451364940360435
  ],
  "17": [
    0.4138115518639911,
    0.6322907731671294
  ],
  "18": [
    0.2968400234261243,
    0.5663132012339697
  ],
  "19": [
    0.348349290466481,
    0.6806019816534851
  ],
  "20": [
    0.31209618423046565,
    0.7337819154734773
  ],
  "21": [
    0.18468387298796154,
    0.6728795570799662
  ],
  "22": [
    0.2098858673994599,
    0.7777722205035188
  ],
  "23": [
    0.2550065243187532,
    0.8808739857661654
  ],
  "24": [
    0.2841133714789439,
    0.7643729435504051
  ],
  "25": [
    0.10746023837212434,
    0.753322168195945
  ],
  "26": [
    0.044800111746963175,
    0.7769920349335594
  ],
  "27": [
    0.0,
    0.558158466023068
  ],
  "28": [
    0.17759226485773028,
    0.5457796748782787
  ],
  "29": [
    0.39130927214369216,
    0.2663334747357756
  ],
  "30": [
    0.37846604018137686,
    0.352391648299629
  ],
  "31": [
    0.2705989487029419,
    0.25441093616708943
  ],
  "32": [
    0.3095931225187655,
    0.3590050525260022
  ],
  "33": [
    0.17239157679958467,
    0.28944857267518387
  ],
  "34": [
    0.3134401179989117,
    0.24751234602884195
  ],
  "35": [
    0.39723161698598347,
    0.13074197975926938
  ],
  "36": [
    0.4593428501311363,
    0.029094264100198403
  ],
  "37": [
    0.36900279090431876,
    0.09993774570599508
  ],
  "38": [
    0.431020115856343,
    0.0
  ],
  "39": [
    0.31392058483588337,
    0.06708145428661273
  ],
  "40": [
    0.6282380669815825,
    0.47360703059040404
  ],
  "41": [
    0.7768896843132621,
    0.5193191034860097
  ],
  "42": [
    0.6635633805272114,
    0.4464926712034654
  ],
  "43": [
    0.7100740875507396,
    0.3764336495053091
  ],
  "44": [
    0.76310707474583,
    0.30366962281652454
  ],
  "45": [
    0.9486946325977953,
    0.31037033186139723
  ],
  "46": [
    0.999945089139302,
    0.2839707411996257
  ],
  "47": [
    0.8859697721490863,
    0.36879063981705446
  ],
  "48": [
    0.8142094554972957,
    0.40239006455732546
  ],
  "49": [
    0.8189883800572484,
    0.5054472387790243
  ]
}