{
  "0": [
    0.9175673333488769,
    1.0
  ],
  "1": [
    0.8827456844021584,
    0.973415022237121
  ],
  "2": [
    0.9597999416698311,
    0.9892350175496587
  ],
  "3": [
    0.9771842072072435,
    0.8623347229666912
  ],
  "4": [
    0.8392700275310365,
    0.9784794394699264
  ],
  "5": [
    0.6983470541901217,
    0.9722995512794872
  ],
  "6": [
    0.566944611682062,
    0.9133631035222229
  ],
  "7": [
    0.4612228687659306,
    0.8183567268367483
  ],
  "8": [
    0.3928345420926142,
    0.6968707676836864
  ],
  "9": [
    0.36479774539320764,
    0.6109472094689012
  ],
  "10": [
    1.0,
    0.721814955811217
  ],
  "11": [
    0.9606631332218923,
    0.5826927619799738
  ],
  "12": [
    0.8766038948579138,
    0.4656743312080307
  ],
  "13": [
    0.7583191263504101,
    0.38603165972538417
  ],
  "14": [
    0.6174896150376321,
    0.35664307748967844
  ],
  "15": [
    0.5223152899132627,
    0.34968357575194764
  ],
  "16": [
    0.32375142268212564,
    0.5267049322726772
  ],
  "17": [
    0.22581851617063853,
    0.5392437110813403
  ],
  "18": [
    0.12752189330951794,
    0.5326139370687415
  ],
  "19": [
    0.08612842337677973,
    0.5168844917000073
  ],
  "20": [
    0.42672996117672024,
    0.3299367059752712
  ],
  "21": [
    0.326671730371181,
    0.3252201763148772
  ],
  "22": [
    0.16274720028166953,
    0.32273839007178695
  ],
  "23": [
    0.026302273388677792,
    0.24654142995837378
  ],
  "24": [
    0.0,
    0.30862437315200386
  ],
  "25": [
    0.20274421090468647,
    0.41033225365058174
  ],
  "26": [
    0.34458274653578197,
    0.3809798966553498
  ],
  "27": [
    0.3991013093933282,
    0.3026181286221195
  ],
  "28": [
    0.4668632801906065,
    0.23959012237925145
  ],
  "29": [
    0.4975855084644952,
    0.14827249398997716
  ],
  "30": [
    0.08404388347442279,
    0.14397789583479914
  ],
  "31": [
    0.16884332675900615,
    0.16390842422191115
  ],
  "32": [
    0.32278053050877425,
    0.16591896625861927
  ],
  "33": [
    0.39127977576988765,
    0.10603452623451477
  ],
  "34": [
    0.45369599546884576,
    0.059478702160373154
  ],
  "35": [
    0.12201545526975084,
    0.056323606478038135
  ],
  "36": [
    0.300092611866893,
    0.07516950213614564
  ],
  "37": [
    0.3390501047279067,
    0.052783663129824625
  ],
  "38": [
    0.2932901598717402,
    0.0
  ],
  "39": [
    0.27295851767405216,
    0.04018362509923821
  ]
}