{
  "0": [
    0.6720355876967922,
    0.9646826529932849
  ],
  "1": [
    0.5675855845924099,
    0.9411104927381501
  ],
  "2": [
    0.5080147722392288,
    1.0
  ],
  "3": [
    0.3460161363785113,
    0.7762106994928701
  ],
  "4": [
    0.29354786810837635,
    0.8389445079418686
  ],
  "5": [
    0.6365889402637437,
    0.8859664984336275
  ],
  "6": [
    0.5533205034309876,
    0.871661072137401
  ],
  "7": [
    0.49063836147784534,
    0.8208744332555323
  ],
  "8": [
    0.44623548114574585,
    0.7554538709827066
  ],
  "9": [
    0.3839236936323084,
    0.7068213457375713
  ],
  "10": [
    0.24552798399906753,
    0.902276423862049
  ],
  "11": [
    0.7065800558506444,
    0.8447303076402805
  ],
  "12": [
    0.5326407235199898,
    0.7537103360023236
  ],
  "13": [
    0.49606109336577564,
    0.691068833794154
  ],
  "14": [
    0.42865880433708253,
    0.642297004901047
  ],
  "15": [
    0.3691911987054422,
    0.5898482338767655
  ],
  "16": [
    0.7278737508170295,
    0.7625199039572419
  ],
  "17": [
    0.6905028129063656,
    0.6865639071186406
  ],
  "18": [
    0.6153961112367358,
    0.655475704447851
  ],
  "19": [
    0.3084826392793807,
    0.5288213297903394
  ],
  "20": [
    0.7884328839373339,
    0.7268030515459356
  ],
  "21": [
    0.7594558289585752,
    0.6651450670183645
  ],
  "22": [
    0.3505094987844272,
    0.32065167986547205
  ],
  "23": [
    0.31488271669494716,
    0.3977809085550117
  ],
  "24": [
    0.22651136441556521,
    0.5510035141931885
  ],
  "25": [
    0.8574094452863386,
    0.7053342075054904
  ],
  "26": [
    0.3617511030227963,
    0.1781654111877088
  ],
  "27": [
    0.3136377639224794,
    0.2446276560391488
  ],
  "28": [
    0.27668015436876775,
    0.32313320548603836
  ],
  "29": [
    0.14774938371481602,
    0.5713509737145268
  ],
  "30": [
    0.929410369542032,
    0.7069206071078125
  ],
  "31": [
    0.303195504536694,
    0.13811505648501363
  ],
  "32": [
    0.24985753596154112,
    0.18969805103249396
  ],
  "33": [
    0.21951059656492372,
    0.2669552599562209
  ],
  "34": [
    0.07237247448295381,
    0.5902570352876046
  ],
  "35": [
    1.0,
    0.7121670973192741
  ],
  "36": [
    0.24540035846295885,
    0.0
  ],
  "37": [
    0.25296349968070786,
    0.07899690534752372
  ],
  "38": [
    0.19771746497479367,
    0.12915618360512776
  ],
  "39": [
    0.0,
    0.6083755202313178
  ]
}