{
  "0": [
    0.256057250429263,
    0.835052810973991
  ],
  "1": [
    0.49420739960495547,
    0.6376667866877604
  ],
  "2": [
    0.0,
    0.934645084043762
  ],
  "3": [
    0.8596834017273864,
    0.6941362448260293
  ],
  "4": [
    0.47452984537612236,
    0.3976884292637001
  ],
  "5": [
    0.51945168905635,
    0.0
  ],
  "6": [
    0.34108559505212727,
    1.0
  ],
  "7": [
    0.021884186974618282,
    0.6917482988123645
  ],
  "8": [
    1.0,
    0.25047055369041965
  ],
  "9": [
    0.14051041351545743,
    0.3953622910635728
  ],
  "10": [
    0.634626918205802,
    0.12565425682934253
  ],
  "11": [
    0.3479900913128256,
    0.15173235092422632
  ]
}