{
  "0": [
    0.9884871000941116,
    0.9293881325604301
  ],
  "1": [
    0.6207371956525545,
    1.0
  ],
  "2": [
    0.7000052305946552,
    0.8628941088126857
  ],
  "3": [
    1.0,
    0.5248988686558398
  ],
  "4": [
    0.24579965142999835,
    0.6868193919260879
  ],
  "5": [
    0.5192684394287213,
    0.569029414868015
  ],
  "6": [
    0.6881151902482296,
    0.47924534002568514
  ],
  "7": [
    0.8348510151477027,
    0.1703341867918319
  ],
  "8": [
    0.0,
    0.21408231945426773
  ],
  "9": [
    0.19562681683840188,
    0.21966740956988087
  ],
  "10": [
    0.44630287615331304,
    0.0950467089342009
  ],
  "11": [
    0.6034889845727743,
    0.0
  ]
}